action,alpha,loc,beta,mu,std,min,max
walk,5.856990890051891,1.9334963499338989,4.4170876354912405,27.804312004839677,12.057218705097046,1.999615484483988,99.7230753430615
rest,21.666996482874097,4.560920702689776,0.7929221363190659,21.741159926079053,4.603126102939196,5.072868360471503,101.9427471459145
run,2.246064014475934,1.6356540389368646,22.946740441103316,53.17548864917775,46.85356425964552,1.674629720598801,759.8614139522053
tackle,2.477375342701267,3.0595905785738675,18.431783702441656,48.721983230846696,29.35251723528315,3.561441685329417,139.59828588603486
dribble,3.0483874670175557,1.9555002257440566,15.28045936443094,48.53623448187468,26.401628818000088,3.979595919909927,129.247458208309
pass,1.8953925114542396,5.988546531185531,23.135189807791974,49.83884895668649,32.976343047662475,6.31089620270674,149.79371856271175
cross,2.714587617632247,2.629203906368441,13.87160941066099,40.284978113461385,23.393058497528475,4.101426250326502,117.97635190094364
shot,1.628316766672922,10.173355100584033,45.06086924460361,83.54670521393315,57.84395733680984,10.425894122329266,259.65787998413765
